詞彙,漢語拼音,詞類
阿姨,āyí,(N)
哎,āi ,(P)
唉,āi ,(P)
愛,ài ,(N)
愛情,àiqíng ,(N)
愛惜,àixí ,(VS)
愛心,àixīn ,(N)
安定,āndìng ,(VS)
安排,ānpái ,(N)
安排,ānpái ,(VA)
安心,ānxīn ,(VS)
按,àn ,(Prep)
按照,ànzhào ,(Prep)
巴士,bāshì ,(N)
把,bǎ ,(M)
把握,băwò ,(VA)
白,bái ,(Adv)
白,bái ,(VS)
白(白),bái(bái),(Adv)
白菜,báicài ,(N)
白天,báitiān ,(N)
擺,băi ,(VA)
百貨公司,băihuògōngsī,(N)
班機,bānjī ,(N)
搬家,bānjiā ,(VA)
辦,bàn ,(VA)
辦理,bànlĭ,(VA)
半天,bàntiān ,(N)
半夜,bànyè ,(N)
幫助,bāngzhù ,(VA)
榜樣,băngyàng ,(N)
棒,bàng,(VS)
包,bāo ,(VA)
包含,bāohán ,(VS)
寶貝,băobèi,(N)
寶貴,băoguì ,(VS)
保護,băohù ,(VA)
保守,băoshǒu ,(VS)
保養,băoyăng ,(VA)
保證/証,băozhèng ,(N)
保證/証,băozhèng ,(VA)
抱,bào,(VA)
抱怨,bàoyuàn ,(VA)
報名,bàomíng ,(VA)
背包,bēibāo ,(N)
北方,běifāng ,(N)
被動,bèidòng ,(VS)
背後,bèihòu ,(N)
背景,bèijĭng ,(N)
輩子,bèizi ,(N)
本,běn ,(Det)
本人,běnrén ,(N)
本子,běnzi,(N)
笨,bèn ,(VS)
逼,bī ,(VA)
筆,bĭ,(M)
比,bǐ ,(VA)
比如(說),bǐrú(shuō),(Prep)
畢竟,bìjìng ,(Adv)
避免,bìmiăn ,(VA)
必要,bìyào ,(VS)
鞭炮,biānpào ,(N)
變,biàn ,(VS)
變成,biànchéng ,(VA)
變更,biàngēng ,(VA)
變化,biànhuà ,(N)
變化,biànhuà ,(VS)
便條,biàntiáo ,(N)
標準,biāozhŭn ,(N)
標準,biāozhŭn ,(VS)
表,biǎo ,(N)
表,biǎo ,(N)
表達,biăodá ,(VA)
表面,biăomiàn ,(N)
表示,biăoshì ,(VA)
表現,biǎoxiàn ,(N)
表現,biǎoxiàn ,(VA)
表演,biǎoyǎn ,(VA)
別的,biéde,(Det)
冰,bīng ,(N)
冰塊/冰塊兒,bīngkuài/bīngkuàir,(N)
餅,bǐng ,(N)
病,bìng ,(VS)
伯伯,bóbo ,(N)
博士,bóshì ,(N)
播,bò ,(VA)
不必,búbì ,(Adv)
不斷,búduàn ,(Adv)
不斷,búduàn ,(VS)
不過,búguò ,(Adv)
不過,búguò ,(Conj)
不見(了),bújiàn(le),(VS)
不論,búlùn ,(Conj)
不幸,búxìng ,(VS)
不用說,búyòngshuō ,(Conj)
不得不,bùdébù ,(Adv)
不得了,bùdéliăo ,(VS)
不管,bùguǎn ,(Conj)
不滿,bùmăn ,(VS)
不如,bùrú ,(Conj)
不少,bùshǎo ,(Det)
不少,bùshǎo ,(VS)
不足,bùzú ,(VS)
部,bù ,(M)
部分/份,bùfèn,(Det)
部分/份,bùfèn,(N)
部門,bùmén ,(N)
布,bù ,(N)
布/佈置,bùzhì ,(VA)
擦,cā,(VA)
猜,cāi,(VA)
材料,cáiliào ,(N)
採用,căiyòng ,(VA)
餐,cān,(M)
餐桌,cānzhuō,(N)
參考,cānkăo ,(VA)
草地,cǎodì,(N)
草原,cǎoyuán ,(N)
層,céng ,(M)
曾,céng ,(Adv)
曾經,céngjīng ,(Adv)
差別,chābié ,(N)
差異,chāyì ,(N)
查,chá ,(VA)
差(一)點/差(一)點兒,chà(yì)diăn/chà(yì)diănr,(Adv)
產品,chǎnpǐn ,(N)
產生,chănshēng ,(VS)
常,cháng,(Adv)
嘗/嚐試,chángshì ,(VA)
場,chǎng ,(M)
超過,chāoguò ,(VS)
超級,chāojí ,(VS)
炒,chăo ,(VA)
吵,chăo,(VA)
吵架,chăojià ,(VA)
車禍,chēhuò ,(N)
趁,chèn ,(Prep)
成,chéng ,(VA)
成果,chéngguǒ ,(N)
成就,chéngjiù ,(N)
成熟,chéngshú,(VS)
成長,chéngzhăng ,(VS)
程度,chéngdù ,(N)
承認,chéngrèn ,(VA)
誠實,chéngshí ,(VS)
吃喝玩樂,chīhēwánlè ,(VA)
尺,chǐ ,(M)
充實,chōngshí ,(VS)
重新,chóngxīn ,(Adv)
蟲(子),chóng(zi),(N)
抽,chōu ,(VA)
醜,chŏu,(VS)
臭,chòu ,(VS)
初,chū ,(N)
出版,chūbăn ,(VA)
出差,chūchāi ,(VA)
出門,chūmén ,(VA)
出租,chūzū ,(VA)
除了,chúle ,(Prep)
除夕,chúxì ,(N)
廚師,chúshī ,(N)
處理,chŭlĭ,(VA)
傳統,chuántŏng ,(VS)
串,chuàn ,(M)
創造,chuàngzào ,(VA)
吹,chuī,(VA)
春節,chūnjié ,(N)
詞,cí ,(N)
此,cĭ,(Det)
刺激,cìjī ,(N)
刺激,cìjī ,(VS)
從不,cóngbù ,(Adv)
從來,cónglái ,(Adv)
從小,cóngxiăo ,(Adv)
醋,cù ,(N)
存,cún ,(VA)
存在,cúnzài ,(VA)
寸,cùn ,(M)
錯,cuò ,(N)
錯誤,cuòwù ,(N)
挫折,cuòzhé ,(N)
答應,dāyìng ,(VA)
達成,dáchéng ,(VA)
打工,dăgōng ,(VA)
打架,dăjià ,(VA)
打聽,dătīng ,(VA)
打仗,dăzhàng ,(VA)
打折,dăzhé ,(VA)
大大,dàdà ,(VS)
大多數,dàduōshù ,(Det)
大方,dàfāng ,(VS)
大概,dàgài ,(Adv)
大會,dàhuì ,(N)
大陸,dàlù ,(N)
大門,dàmén ,(N)
大小,dàxiăo ,(N)
大約,dàyuē ,(Adv)
袋,dài ,(M)
代表,dàibiǎo ,(N)
代表,dàibiǎo ,(VA)
代替,dàitì ,(VA)
帶來,dàilái ,(VA)
帶領,dàilĭng ,(VA)
單純,dānchún ,(VS)
單身,dānshēn ,(VS)
擔任,dānrèn ,(VA)
但,dàn ,(Conj)
淡,dàn ,(VS)
當,dāng ,(VA)
當場,dāngchăng ,(Adv)
當地,dāngdì ,(N)
當面,dāngmiàn ,(Adv)
當年,dāngnián ,(N)
當天,dāngtiān ,(N)
當中,dāngzhōng ,(N)
當作,dāngzuò ,(VA)
當做,dāngzuò ,(VA)
倒,dǎo ,(VA)
島,dăo ,(N)
導演,dăoyăn ,(N)
到,dào,(Conj)
到,dào,(Prep)
到處,dàochù ,(Adv)
到底,dàodĭ,(VS)
到底,dàodǐ ,(Adv)
道德,dàodé ,(N)
道教,Dàojiào,(N)
道理,dàolǐ ,(N)
道歉,dàoqiàn ,(VA)
倒,dào ,(Adv)
倒是,dàoshì ,(Adv)
得,dé ,(VS)
得到,dédào ,(VS)
得意,déyì ,(VS)
得很,dehěn ,(Adv)
的話,dehuà ,(Conj)
得,děi,(Adv)
燈光,dēngguāng ,(N)
等,děng ,(Prep)
等/等等,děng/děngděng,(N)
等待,děngdài ,(VS)
低,dī,(VS)
敵人,dírén ,(N)
底,dǐ ,(N)
底下,dǐxià ,(N)
抵達,dĭdá ,(VA)
地,dì ,(P)
地板,dìbăn ,(N)
地帶,dìdài ,(N)
地點,dìdiăn ,(N)
地理,dìlĭ ,(N)
地區,dìqū ,(N)
地攤,dìtān ,(N)
地位,dìwèi ,(N)
地下,dìxià ,(N)
地形,dìxíng ,(N)
點,diăn,(M)
點,diăn,(N)
點,diǎn ,(VA)
點/點兒,diǎn/diǎnr,(Adv)
電,diàn ,(N)
電車,diànchē ,(N)
電池,diànchí ,(N)
電燈,diàndēng,(N)
店員,diànyuán ,(N)
調查,diàochá ,(VA)
訂,dìng ,(VA)
丟,diū ,(VA)
東北,dōngběi ,(N)
東方,dōngfāng ,(N)
東南,dōngnán ,(N)
懂事,dǒngshì ,(VS)
逗,dòu ,(VA)
豆腐,dòufŭ ,(N)
豆漿,dòujiāng ,(N)
都市,dūshì ,(N)
毒品,dúpǐn ,(N)
獨特,dútè ,(VS)
讀者,dúzhě ,(N)
段,duàn ,(M)
堆,duī ,(M)
對,duì ,(M)
對,duì ,(Prep)
對,duì ,(VA)
對不起,duìbùqǐ,(VS)
對方,duìfāng ,(N)
對話,duìhuà ,(N)
對了,duìle,(VS)
對象,duìxiàng ,(N)
多多少少,duōduōshăoshăo ,(Adv)
多麼,duóme ,(Adv)
朵,duǒ,(M)
頓,dùn ,(M)
嗯,ēn ,(P)
而,ér ,(Conj)
兒童,értóng ,(N)
發,fā,(VA)
發表,fābiăo ,(VA)
發財,fācái ,(VS)
發出,fāchū ,(VA)
發達,fādá ,(VS)
發揮,fāhuī ,(VS)
發覺,fājué ,(VS)
發明,fāmíng ,(N)
發明,fāmíng ,(VA)
發脾氣,fāpíqì ,(VA)
發票,fāpiào ,(N)
法律,fălǜ,(N)
翻,fān ,(VA)
翻譯,fānyì ,(VA)
煩惱,fánnăo ,(VS)
反而,fănér ,(Conj)
反應,fănyìng ,(N)
犯,fàn ,(VA)
範圍,fànwéi ,(N)
方面,fāngmiàn ,(N)
方式,fāngshì ,(N)
房東,fángdōng ,(N)
房客,fángkè ,(N)
房屋,fángwū ,(N)
訪問,fǎngwèn ,(VA)
放心,fàngxīn ,(VS)
非,fēi ,(Adv)
非,fēi ,(VA)
飛,fēi ,(VA)
費用,fèiyòng ,(N)
分開,fēnkāi ,(VS)
份,fèn ,(M)
封,fēng,(M)
豐富,fēngfù ,(VS)
風格,fēnggé ,(N)
風俗,fēngsú ,(N)
佛教,Fójiào,(N)
否則,fŏuzé ,(Conj)
夫婦,fūfù ,(N)
符合,fúhé ,(VS)
福利,fúlì ,(N)
服裝,fúzhuāng ,(N)
腐敗,fŭbài ,(VS)
付出,fùchū ,(VA)
負擔,fùdān ,(N)
負擔,fùdān ,(VA)
負責,fùzé ,(VS)
複習,fùxí ,(VA)
該,gāi ,(Adv)
該,gāi ,(VS)
改,gǎi ,(VA)
改變,gǎibiàn ,(N)
改變,gǎibiàn ,(VA)
改進,găijìn ,(VA)
改善,găishàn ,(VA)
改天,găitiān ,(Adv)
蓋,gài ,(VA)
概念,gàiniàn ,(N)
敢,gǎn ,(VS)
趕,găn ,(VA)
趕快,gǎnkuài ,(Adv)
趕上,gănshàng ,(VA)
感動,găndòng ,(VS)
感想,gănxiăng ,(N)
感興趣,gănxìngqù ,(VS)
剛,gāng ,(Adv)
高速,gāosù ,(VS)
高中,gāozhōng ,(N)
搞,găo ,(VA)
歌曲,gēqŭ  ,(N)
歌星,gēxīng ,(N)
隔壁,gébì ,(N)
革命,gémìng ,(VA)
個人,gèrén ,(N)
個子,gèzi ,(N)
各式各樣,gèshìgèyàng ,(VS)
各位,gèwèi ,(N)
個,ge,(P)
給,gěi,(Prep)
跟,gēn ,(Prep)
跟,gēn ,(VA)
根,gēn ,(M)
根,gēn ,(N)
根據,gēnjù ,(Prep)
更加,gèngjiā ,(Adv)
公尺,gōngchǐ ,(M)
公分,gōngfēn ,(M)
公共,gōnggòng ,(VS)
公克,gōngkè ,(M)
公路,gōnglù ,(N)
功夫,gōngfu ,(N)
功能,gōngnéng ,(N)
工具,gōngjù ,(N)
工業,gōngyè ,(N)
工作,gōngzuò,(VA)
恭喜,gōngxǐ,(VS)
共,gòng ,(Adv)
共同,gòngtóng ,(VS)
貢獻,gòngxiàn ,(N)
貢獻,gòngxiàn ,(VA)
溝通,gōutōng ,(VA)
夠,gòu ,(Adv)
夠,gòu ,(Adv)
購買,gòumăi ,(VA)
姑娘,gūniáng ,(N)
古,gŭ ,(VS)
古代,gŭdài ,(N)
古蹟,gŭjī ,(N)
古老,gŭlăo ,(VS)
顧,gù ,(VS)
故意,gùyì ,(VS)
刮,guā ,(VA)
乖,guāi,(VS)
怪,guài ,(VS)
怪,guài ,(VS)
關,guān ,(VS)
觀察,guānchá ,(VA)
觀點,guāndiăn ,(N)
觀念,guānniàn ,(N)
觀眾,guānzhòng ,(N)
管,guăn ,(VA)
罐,guàn ,(M)
廣播,guǎngbò ,(N)
廣播,guǎngbò ,(VA)
廣場,guăngchăng ,(N)
廣告,guănggào ,(N)
逛,guàng ,(VA)
逛街,guàngjiē ,(VA)
規矩,guījŭ ,(N)
規模,guīmó ,(N)
鬼,guǐ ,(N)
貴姓,guìxìng,(VS)
櫃子,guìzi ,(N)
國內,guónèi ,(N)
國外,guówài ,(N)
國王,guówáng ,(N)
國語,guóyŭ ,(N)
過,guò,(VA)
過去,guòqù,(N)
過日子,guòrìzi ,(VA)
嗨,hāi ,(P)
還,hái ,(Adv)
還好,háihăo  ,(Adv)
還是,háishì ,(Adv)
還要,háiyào  ,(Adv)
海報,hăibào  ,(N)
海灘,hăitān  ,(N)
海洋,hǎiyáng ,(N)
害,hài ,(VA)
害怕,hàipà,(VS)
行,háng ,(M)
航空,hángkōng ,(N)
好,hăo ,(VS)
好處,hǎochù ,(N)
好好/好好兒,hǎohǎo/hǎohǎor,(Adv)
好幾,hǎojǐ ,(Det)
好了,hǎole ,(P)
好些,hǎoxiē ,(Det)
和,hé ,(Prep)
盒,hé ,(M)
合,hé ,(VS)
合唱,héchàng ,(VA)
合作,hézuò ,(VS)
黑,hēi,(VS)
恨,hèn ,(VS)
恨不得,hènbùdé ,(VS)
紅,hóng,(VS)
紅包,hóngbāo,(N)
紅豆,hóngdòu ,(N)
厚,hòu ,(VS)
後,hòu ,(Det)
後,hòu ,(N)
忽然,hūrán ,(Adv)
糊塗,hútú ,(VS)
互相,hùxiāng ,(Adv)
花,huā ,(VA)
花心,huāxīn,(VS)
滑雪,huáxuě,(VA)
畫家,huàjiā,(N)
話說回來,huàshuōhuílái ,(Conj)
話題,huàtí ,(N)
化妝品,huàzhuāngpĭn ,(N)
壞處,huàichù ,(N)
還,huán,(VA)
環保,huánbăo ,(N)
黃,huáng,(VS)
回,huí ,(M)
回答,huídá ,(N)
回想,huíxiăng ,(VA)
會,huì ,(N)
會場,huìchăng ,(N)
會話,huìhuà ,(N)
會議,huìyì ,(N)
婚禮,hūnlǐ ,(N)
婚姻,hūnyīn ,(N)
混亂,hùnluàn ,(VS)
活,huó ,(VS)
活動,huódòng ,(VA)
或許,huòxŭ ,(Adv)
基本,jīběn ,(N)
基本,jīběn ,(VS)
基礎,jīchŭ  ,(N)
基督教,Jīdūjiào,(N)
激動,jīdòng ,(VS)
激烈,jīliè  ,(VS)
積極,jījí  ,(VS)
機器,jīqì,(N)
及,jí ,(Conj)
急,jí ,(VS)
極,jí ,(Adv)
極了,jíle ,(Adv)
擠,jǐ ,(VA)
擠,jǐ ,(VS)
既,jì ,(Conj)
記,jì ,(VS)
記錄,jìlù ,(VA)
記錄,jìlù  ,(N)
記憶,jìyì ,(N)
季節,jìjié ,(N)
紀念,jìniàn  ,(N)
紀念,jìniàn  ,(VS)
技巧,jìqiăo  ,(N)
繼續,jìxù ,(VA)
加,jiā,(VA)
加強,jiāqiáng ,(VA)
加入,jiārù ,(VA)
加上,jiāshàng ,(VA)
加油,jiāyóu ,(VA)
家,jiā ,(M)
家鄉,jiāxiāng ,(N)
家長,jiāzhăng ,(N)
假,jiă ,(VS)
假如,jiărú ,(Conj)
假裝,jiăzhuāng ,(VA)
架,jià ,(M)
假日,jiàrì ,(N)
價值,jiàzhí ,(N)
肩膀,jiānbăng ,(N)
堅持,jiānchí ,(VS)
堅強,jiānqiáng ,(VS)
減,jiăn ,(VS)
減輕,jiănqīng ,(VS)
減少,jiănshăo ,(VS)
簡直,jiănzhí ,(Adv)
見,jiàn ,(VA)
建立,jiànlì ,(VA)
建設,jiànshè ,(N)
建設,jiànshè ,(VA)
建議,jiànyì ,(N)
建議,jiànyì ,(VA)
將來,jiānglái ,(N)
講價,jiăngjià ,(VA)
講究,jiăngjiù ,(VS)
獎學金,jiăngxuéjīn ,(N)
降低,jiàngdī ,(VS)
醬油,jiàngyóu ,(N)
交,jiāo ,(VA)
交流,jiāoliú ,(VS)
交友,jiāoyǒu ,(VA)
驕傲,jiāoào ,(VS)
郊區,jiāoqū ,(N)
角度,jiăodù ,(N)
角/角色,jiăo/juésè,(N)
叫,jiào ,(VA)
叫,jiào ,(VS)
較,jiào ,(Adv)
教,jiào ,(VS)
教材,jiàocái ,(N)
教導,jiàodăo ,(VA)
教法,jiàofă ,(N)
教練,jiàoliàn ,(N)
教授,jiàoshòu ,(N)
教訓,jiàoxùn ,(N)
教育,jiàoyù ,(N)
教育,jiàoyù ,(VA)
接觸,jiēchù ,(VA)
接受,jiēshòu ,(VA)
接著,jiēzhe ,(Adv)
結,jié ,(VA)
結果,jiéguǒ ,(Conj)
結局,jiéjú ,(N)
節,jié ,(M)
節日,jiérì ,(N)
解決,jiějué,(VA)
解釋,jiěshì ,(VA)
姊妹,jiěmèi ,(N)
斤,jīn,(M)
金(子),jīn(zi),(N)
緊,jǐn ,(VS)
僅,jĭn ,(Adv)
儘管,jĭnguăn ,(Conj)
盡,jìn ,(VS)
進,jìn ,(VA)
進行,jìnxíng ,(VA)
進一步,jìnyíbù  ,(Adv)
經,jīng ,(VA)
經費,jīngfèi ,(N)
經過,jīngguò ,(Prep)
經過,jīngguò  ,(N)
經驗,jīngyàn ,(VS)
精神,jīngshén ,(N)
驚訝,jīngyà  ,(VS)
酒吧,jiŭbā ,(N)
救,jiù ,(VA)
舅舅,jiùjiu ,(N)
舅媽,jiùmā,(N)
就,jiù ,(Prep)
就是,jiùshì ,(Conj)
就算,jiùsuàn ,(Conj)
就要,jiùyào,(Adv)
居住,jūzhù ,(VA)
橘子,júzi ,(N)
舉,jǔ ,(VA)
舉辦,jŭbàn ,(VA)
舉手,jŭshŏu,(VA)
舉行,jǔxíng ,(VA)
句,jù ,(M)
聚,jù ,(VA)
劇本,jùběn ,(N)
劇情,jùqíng ,(N)
拒絕,jùjué ,(VA)
距離,jùlí ,(N)
具有,jùyŏu ,(VS)
絕對,juéduì ,(Adv)
軍隊,jūnduì ,(N)
軍人,jūnrén ,(N)
卡車,kǎchē ,(N)
開放,kāifàng ,(VA)
開花,kāihuā ,(VS)
開朗,kāilăng ,(VS)
開始,kāishǐ ,(N)
開玩笑,kāiwánxiào ,(VA)
看不起,kànbùqĭ,(VS)
看法,kànfǎ ,(N)
看起來,kànqĭlái,(Adv)
考,kǎo ,(VA)
棵,kē,(M)
刻,kē ,(VA)
科,kē ,(M)
科技,kējì ,(N)
科學,kēxué ,(VS)
可,kě ,(Adv)
可,kě ,(VS)
可靠,kěkào ,(VS)
可樂,kělè,(N)
可惡,kěwù ,(VS)
可惜,kěxí ,(VS)
可以,kěyǐ ,(VS)
渴望,kěwàng ,(VS)
克,kè ,(M)
克服,kèfú ,(VS)
課程,kèchéng ,(N)
課堂,kètáng ,(N)
課文,kèwén,(N)
客滿,kèmăn ,(VS)
刻,kè ,(M)
肯,kěn ,(VS)
肯定,kěndìng ,(VS)
空,kōng ,(VS)
空間,kōngjiān ,(N)
空軍,kōngjūn ,(N)
恐怕,kǒngpà ,(Adv)
空,kòng ,(VS)
口,kǒu ,(N)
口袋,kǒudài ,(N)
口味,kŏuwèi  ,(N)
誇張,kuāzhāng ,(VS)
快,kuài,(Adv)
快要,kuàiyào ,(Adv)
寬,kuān ,(VS)
況且,kuàngqiě ,(Conj)
困難,kùnnán ,(N)
困難,kùnnán ,(VS)
擴大,kuòdà ,(VA)
拉肚子,lādùzi ,(VA)
啦,la,(P)
來,lái ,(Adv)
來,lái ,(P)
來不及,láibùjí ,(VS)
來得及,láidejí  ,(VS)
藍,lán ,(VS)
浪漫,làngmàn ,(VS)
老公,lăogōng ,(N)
老虎,lăohŭ ,(N)
老婆,lăopó ,(N)
老實,lăoshí ,(VS)
老是,lăoshì ,(Adv)
樂,lè ,(VS)
樂觀,lèguān ,(VS)
樂趣,lèqù ,(N)
垃圾,lèsè ,(N)
淚,lèi ,(N)
類,lèi ,(M)
冷淡,lěngdàn ,(VS)
離,lí ,(Prep)
離婚,líhūn ,(VA)
里,lǐ ,(M)
裡/裏,lĭ/lĭ,(N)
裡邊,lĭbiān,(N)
理解,lĭjiě ,(VS)
理論,lĭlùn ,(N)
理想,lĭxiăng ,(N)
理想,lĭxiăng ,(VS)
裏面,lǐmiàn,(N)
禮堂,lĭtáng ,(N)
力,lì ,(N)
力量,lìlìàng,(N)
厲害,lìhài ,(VS)
立刻,lìkè ,(Adv)
例如,lìrú ,(Prep)
例子,lìzi ,(N)
利益,lìyì ,(N)
利用,lìyòng ,(VA)
連,lián ,(Conj)
連,lián ,(VS)
連/聯絡,liánluò ,(VA)
連續劇,liánxùjù ,(N)
練,liàn ,(VA)
戀愛,liànài ,(VS)
涼,liáng,(VS)
良好,liánghăo ,(VS)
亮,liàng,(VS)
聊,liáo ,(VA)
了不起,liăobùqĭ,(VS)
靈魂,línghún ,(N)
零錢,língqián ,(N)
零用錢,língyòngqián ,(N)
領,lǐng ,(VA)
領導,lĭngdăo ,(VA)
領域,lĭngyù ,(N)
令,lìng ,(VS)
流,liú ,(VA)
流汗,liúhàn ,(VA)
流血,liúxiě ,(VA)
留學,liúxué ,(VA)
留學生,liúxuéshēng ,(N)
龍,lóng ,(N)
錄,lù ,(VA)
錄取,lùqŭ  ,(VA)
錄音,lùyīn ,(VA)
露營,lùyíng  ,(VA)
亂,luàn,(VS)
輪胎,lúntāi ,(N)
旅客,lǚkè ,(N)
綠,lǜ,(VS)
律師,lǜshī ,(N)
麻煩,máfán,(VS)
馬桶,mătŏng ,(N)
碼頭,mătou ,(N)
螞蟻,măyĭ,(N)
罵,mà ,(VA)
嘛,ma ,(P)
滿,măn ,(Det)
滿,măn ,(VS)
滿足,mănzú  ,(VS)
慢慢,mànmàn,(VS)
慢跑,mànpăo ,(VA)
慢用,mànyòng ,(VA)
毛,máo ,(N)
毛病,máobìng ,(N)
貿易,màoyì ,(N)
沒,méi,(P)
沒,méi,(VS)
沒什麼,méishénme ,(VS)
沒想到,méixiăngdào ,(Adv)
玫瑰(ㄍㄨㄟ˙),méigui ,(N)
每,měi ,(Adv)
美好,měihăo ,(VS)
門,mén ,(M)
夢,mèng ,(N)
迷路,mílù ,(VS)
迷人,mírén ,(VS)
米飯,mǐfàn ,(N)
米粉,mĭfěn ,(N)
秘/祕密,mìmì ,(N)
密切,mìqiè ,(VS)
免費,miănfèi ,(VS)
面,miàn ,(M)
面,miàn ,(N)
面積,miànjī ,(N)
面前,miànqián ,(N)
麵條,miàntiáo ,(N)
描寫,miáoxiě ,(VA)
秒,miǎo ,(M)
廟,miào ,(N)
民國,mínguó ,(N)
民族,mínzú ,(N)
名,míng ,(M)
名詞,míngcí ,(N)
明白,míngbái ,(VS)
明顯,míngxiăn ,(VS)
明星,míngxīng ,(N)
命,mìng ,(N)
摸,mō ,(VA)
摩托車/機車,mótuōchē/jīchē,(N)
陌生,mòshēng ,(VS)
某,mŏu,(Det)
木,mù ,(N)
木頭,mùtou,(N)
目的,mùdì ,(N)
目前,mùqián ,(N)
拿手,náshŏu ,(VS)
哪兒,nǎér,(N)
哪裏,nǎlǐ,(N)
哪裏/哪裏兒,nǎlǐ/nǎlǐr,(Adv)
哪些,nǎxiē ,(Det)
那,nà,(Conj)
那裏,nàlǐ,(N)
那麼,nàme,(Conj)
那樣,nàyàng,(Adv)
那樣,nàyàng,(VS)
哪,na,(P)
奶,nǎi ,(N)
奶茶,nǎichá ,(N)
耐心,nàixīn ,(N)
南方,nánfāng ,(N)
難怪,nánguài ,(Adv)
難看,nánkàn ,(VS)
腦,năo ,(N)
腦子,năozi ,(N)
鬧鐘,nàozhōng ,(N)
內,nèi ,(N)
內容,nèiróng ,(N)
能,néng ,(VS)
能夠,nénggòu ,(Adv)
能力,nénglì ,(N)
年,nián ,(N)
年代,niándài ,(N)
年齡,niánlíng ,(N)
年年,niánnián ,(Adv)
念書,niànshū ,(VA)
農業,nóngyè  ,(N)
女士,nǚshì ,(N)
喔,ō ,(P)
哦,ó ,(P)
噢,òu ,(P)
拍,pāi ,(VA)
排,pái ,(VA)
牌子,páizi ,(N)
盼望,pànwàng ,(VS)
旁,páng ,(N)
陪,péi ,(VA)
培養,péiyăng ,(VA)
配,pèi ,(VA)
配合,pèihé ,(VA)
碰,pèng ,(VA)
碰到,pèngdào ,(VA)
碰上,pèngshàng ,(VA)
批評,pīpíng ,(VA)
皮,pí ,(N)
皮帶,pídài ,(N)
皮膚,pífū ,(N)
皮鞋,píxié ,(N)
篇,piān ,(M)
騙子,piànzi ,(N)
品質,pĭnzhí ,(N)
坪,píng ,(M)
平,píng ,(VS)
平安,píngān ,(VS)
平等,píngděng ,(VS)
平時,píngshí ,(N)
平原,píngyuán ,(N)
瓶子,píngzi,(N)
破,pò,(VS)
破壞,pòhuài ,(VA)
葡萄,pútáo ,(N)
普遍,pŭbiàn ,(VS)
欺負,qīfù ,(VA)
其次,qícì ,(Conj)
其實,qíshí ,(Adv)
其中,qízhōng ,(Det)
期,qí,(M)
期間,qíjiān ,(N)
起,qĭ,(N)
起,qĭ,(VA)
起,qĭ,
起來,qĭlái ,
氣,qì ,(N)
氣,qì ,(VS)
氣溫,qìwēn ,(N)
汽水,qìshuǐ,(N)
企業,qìyè ,(N)
簽名,qiānmíng ,(VA)
簽證,qiānzhèng ,(N)
謙虛,qiānxū ,(VS)
前,qián ,(Det)
前,qián ,(N)
前年,qiánnián ,(N)
淺,qiǎn ,(VS)
強盜,qiángdào ,(N)
強調,qiángdiào ,(VA)
搶,qiǎng ,(VA)
親,qīn,(VA)
親切,qīnqiè,(VS)
親手,qīnshŏu  ,(Adv)
親眼,qīnyăn ,(Adv)
親自,qīnzì ,(Adv)
清,qīng ,(VS)
青年,qīngnián ,(N)
青少年,qīngshàonián  ,(N)
輕鬆,qīngsōng  ,(VS)
晴,qíng ,(VS)
情,qíng ,(N)
情人,qíngrén  ,(N)
情況,qíngkuàng ,(N)
情形,qíngxíng ,(N)
請教,qĭngjiào ,(VA)
請求,qĭngqiú ,(VA)
窮,qióng ,(VS)
求,qiú ,(VA)
球,qiú,(N)
球場,qiúchăng ,(N)
球賽,qiúsài ,(N)
球員,qiúyuán ,(N)
取代,qŭdài ,(VA)
去,qù ,(Adv)
去,qù ,(P)
去世,qùshì ,(VS)
全,quán ,(Det)
全球,quánqiú ,(N)
全身,quánshēn ,(N)
缺點,quēdiăn ,(N)
卻,què ,(Adv)
確定,quèdìng ,(VS)
確認,quèrèn ,(VA)
讓,ràng,(VS)
熱狗,règŏu,(N)
熱水,rèshuǐ ,(N)
人家,rénjiā ,(N)
人間,rénjiān ,(N)
人口,rénkǒu ,(N)
人類,rénlèi ,(N)
人們,rénmen ,(N)
人民,rénmín ,(N)
人人,rénrén ,(N)
人數,rénshù ,(N)
人物,rénwù ,(N)
忍,rěn ,(VS)
忍耐,rěnnài ,(VS)
認,rèn ,(VA)
認得,rèndé ,(VS)
任務,rènwù ,(N)
扔,rēng ,(VA)
仍,réng ,(Adv)
仍然,réngrán ,(Adv)
日出,rìchū ,(VA)
日記,rìjì ,(N)
日子,rìzi,(N)
如,rú ,(Conj)
如此,rúcǐ ,(VS)
如下,rúxià ,(VS)
如意,rúyì ,(VS)
弱,ruò ,(VS)
傘,sǎn,(N)
殺,shā ,(VA)
曬,shài ,(VA)
山區,shānqū ,(N)
傷害,shānghài ,(VA)
商品,shāngpĭn ,(N)
商人,shāngrén ,(N)
商業,shāngyè ,(N)
上,shàng ,(Det)
上,shàng ,(N)
上當,shàngdàng ,(VS)
上帝,shàngdì ,(N)
上街,shàngjiē ,(VA)
上衣,shàngyī ,(N)
燒,shāo ,(VA)
少,shǎo ,(Adv)
蛇,shé ,(N)
設備,shèbèi ,(N)
設計,shèjì ,(N)
設計,shèjì ,(VA)
深,shēn ,(VS)
深入,shēnrù ,(VS)
身邊,shēnbiān ,(N)
身高,shēngāo ,(N)
身上,shēnshàng ,(N)
甚至,shènzhì ,(Adv)
甚至,shènzhì ,(Conj)
升,shēng ,(VA)
聲,shēng ,(M)
聲調,shēngdiào ,(N)
生,shēng ,(VA)
生產,shēngchăn ,(VA)
生動,shēngdòng ,(VS)
生活,shēnghuó,(VA)
生命,shēngmìng ,(N)
生意,shēngyì ,(N)
生字,shēngzì ,(N)
省,shěng ,(VS)
省錢,shěngqián ,(VS)
剩,shèng ,(VS)
剩下,shèngxià ,(VS)
濕,shī ,(VS)
失戀,shīliàn ,(VS)
失去,shīqù ,(VS)
獅子,shīzi ,(N)
十分,shífēn ,(Adv)
石頭,shítou,(N)
石油,shíyóu ,(N)
時,shí ,(N)
時代,shídài ,(N)
時刻,shíkè ,(N)
實話,shíhuà ,(N)
實際,shíjì ,(VS)
實力,shílì ,(N)
實行,shíxíng ,(VA)
實在,shízài ,(VS)
使得,shĭde ,(VS)
使用,shǐyòng ,(VA)
事實,shìshí ,(N)
事業,shìyè ,(N)
適應,shìyìng ,(VS)
市長,shìzhăng ,(N)
收穫,shōuhuò ,(N)
收音機,shōuyīnjī ,(N)
熟,shóu ,(VS)
首,shǒu,(M)
手套,shŏutào,(N)
手續,shŏuxù  ,(N)
受得了,shòudeliăo  ,(VS)
書包,shūbāo,(N)
書架,shūjià ,(N)
蔬菜,shūcài ,(N)
舒適,shūshì ,(VS)
叔叔,shúshu,(N)
熟悉,shúxī ,(VS)
數,shŭ,(VA)
數字,shùzì ,(N)
樹木,shùmù ,(N)
刷牙,shuāyá,(VA)
帥,shuài ,(VS)
雙,shuāng ,(VS)
水餃,shuǐjiǎo ,(N)
水平,shuĭpíng ,(N)
水準,shuĭzhŭn ,(N)
睡著,shuìzháo ,(VS)
順便,shùnbiàn ,(Adv)
順利,shùnlì ,(VS)
說法,shuōfă ,(N)
說明,shuōmíng ,(N)
說明,shuōmíng ,(VA)
說起來,shuōqĭlái ,(Adv)
思考,sīkăo ,(VA)
思想,sīxiăng ,(N)
似乎,sìhū ,(Adv)
寺廟,sìmiào ,(N)
速度,sùdù ,(N)
算了,suànle ,(VS)
隨便,suíbiàn,(VS)
隨時,suíshí ,(Adv)
所,suǒ ,(M)
所,suŏ ,(Adv)
所謂,suŏwèi  ,(VS)
它,tā ,(N)
它們,tāmen ,(N)
台,tái ,(M)
抬,tái ,(VA)
颱風,táifēng ,(N)
態度,tàidù ,(N)
談話,tánhuà ,(VA)
堂,táng ,(M)
堂,táng,(N)
討厭,tǎoyàn,(VS)
套,tào ,(M)
特地,tèdì ,(Adv)
特色,tèsè ,(N)
特殊,tèshū ,(VS)
提,tí,(VA)
提到,tídào ,(VA)
提高,tígāo ,(VA)
提供,tígōng ,(VA)
題材,tícái ,(N)
題目,tímù ,(N)
體會,tĭhuì ,(VS)
體力,tĭlì ,(N)
體貼,tĭtiē ,(VS)
體重,tĭzhòng ,(N)
替,tì ,(Prep)
天堂,tiāntáng ,(N)
天天,tiāntiān,(Adv)
天下,tiānxià ,(N)
田,tián ,(N)
填,tián ,(VA)
甜點,tiándiăn ,(N)
條件,tiáojiàn ,(N)
挑戰,tiăozhàn ,(VA)
貼,tiē ,(VA)
鐵,tiě ,(N)
鐵路,tiělù ,(N)
聽見,tīngjiàn ,(VA)
聽力,tīnglì ,(N)
聽起來,tīngqĭlái ,(Adv)
聽眾,tīngzhòng ,(N)
挺,tĭng ,(Adv)
通,tōng ,(VS)
通過,tōngguò ,(VA)
通知,tōngzhī,(N)
同,tóng ,(Det)
同,tóng ,(Prep)
同情,tóngqíng  ,(VS)
同時,tóngshí ,(N)
同樣,tóngyàng ,(Adv)
同樣,tóngyàng ,(VS)
痛苦,tòngkǔ ,(VS)
投,tóu ,(VA)
投資,tóuzī  ,(VA)
頭,tóu ,(Det)
頭痛,tóutòng  ,(VS)
圖,tú ,(N)
突然,túrán  ,(Adv)
土,tǔ ,(N)
土地,tǔdì ,(N)
兔子,tùzi ,(N)
團體,tuántǐ ,(N)
團圓,tuányuán ,(VS)
推,tuī,(VA)
推薦,tuījiàn ,(VA)
推銷,tuīxiāo ,(VA)
退步,tuìbù ,(VS)
退休,tuìxiū ,(VS)
脫,tuō ,(VA)
娃娃(ㄨㄚ˙),wáwa ,(N)
外邊,wàibiān ,(N)
外公,wàigōng ,(N)
外婆,wàipó ,(N)
外文,wàiwén ,(N)
外語,wàiyǔ ,(N)
完成,wánchéng ,(VA)
完全,wánquán ,(Adv)
玩具,wánjù ,(N)
晚,wǎn ,(VS)
萬一,wànyī ,(Conj)
網,wăng ,(N)
網路,wănglù ,(N)
往往,wăngwăng  ,(Adv)
忘記,wàngjì ,(VS)
維持,wéichí ,(VS)
微笑,wéixiào ,(VA)
為主,wéizhŭ ,(VS)
偉大,wěidà ,(VS)
為,wèi ,(Prep)
未來,wèilái ,(N)
位置,wèizhì ,(N)
位子,wèizi ,(N)
溫柔,wēnróu ,(VS)
文件,wénjiàn ,(N)
文學,wénxué ,(N)
文字,wénzì ,(N)
聞,wén ,(VA)
穩定,wěndìng ,(VS)
問好,wènhăo ,(VA)
問候,wènhòu ,(VA)
握手,wòshǒu ,(VA)
屋子,wūzi ,(N)
無,wú ,(VS)
無法,wúfă ,(Adv)
無論如何,wúlùnrúhé ,(Conj)
無窮,wúqióng ,(VS)
無所謂,wúsuŏwèi ,(VS)
誤會,wùhuì ,(N)
物價,wùjià ,(N)
西北,xīběi ,(N)
西餐,xīcān ,(N)
西方,xīfāng ,(N)
西南,xīnán ,(N)
吸毒,xīdú ,(VA)
吸收,xīshōu ,(VA)
吸引,xīyĭn ,(VS)
犧牲,xīshēng ,(VS)
希望,xīwàng ,(N)
喜愛,xĭài ,(VS)
細,xì ,(VS)
細心,xìxīn  ,(VS)
戲,xì ,(N)
戲劇,xìjù ,(N)
系統,xìtŏng  ,(N)
下,xià ,(Det)
下,xià ,(M)
下,xià ,(N)
下,xià ,(VA)
下來(ㄌㄞ˙),xiàlai,
嚇,xià ,(VS)
嚇一跳,xiàyítiào  ,(VS)
線,xiàn ,(N)
現代,xiàndài ,(N)
現代,xiàndài ,(VS)
現實,xiànshí ,(N)
現實,xiànshí ,(VS)
現象,xiànxiàng ,(N)
限制,xiànzhì ,(N)
相當,xiāngdāng ,(Adv)
相對,xiāngduì ,(VS)
相反,xiāngfăn ,(VS)
相關,xiāngguān ,(VS)
相同,xiāngtóng ,(VS)
箱子,xiāngzi,(N)
香水,xiāngshuĭ,(N)
詳細,xiángxì ,(VS)
響,xiǎng ,(VS)
想到,xiăngdào ,(VA)
想法,xiǎngfǎ ,(N)
想像,xiăngxiàng ,(N)
想像,xiăngxiàng ,(VS)
項,xiàng ,(M)
相機,xiàngjī ,(N)
相聲,xiàngshēng ,(N)
小吃,xiăochī ,(N)
小朋友,xiǎopéngyǒu ,(N)
小組,xiăozŭ ,(N)
效果,xiàoguŏ,(N)
笑話,xiàohuà,(N)
孝順,xiàoshùn ,(VS)
些,xiē ,(Adv)
些,xiē ,(M)
協助,xiézhù ,(VA)
血,xiě ,(N)
謝,xiè ,(VS)
心得,xīndé ,(N)
心理,xīnlĭ ,(N)
心意,xīnyì ,(N)
欣賞,xīnshăng ,(VS)
新生,xīnshēng ,(N)
信,xìn ,(VS)
信箱,xìnxiāng ,(N)
信心,xìnxīn ,(N)
興奮,xīngfèn ,(VS)
行,xíng,(VS)
行動,xíngdòng ,(N)
行為,xíngwéi ,(N)
形容,xíngróng ,(VA)
醒,xĭng ,(VA)
醒來,xĭnglái ,(VS)
姓,xìng ,(N)
性別,xìngbié ,(N)
性格,xìnggé ,(N)
幸好,xìnghăo ,(Adv)
幸虧,xìngkuī ,(Adv)
幸運,xìngyùn ,(VS)
兇,xiōng ,(VS)
兄弟,xiōngdì ,(N)
熊貓,xióngmāo ,(N)
修,xiū ,(VA)
修改,xiūgăi ,(VA)
修理,xiūlĭ  ,(VA)
需求,xūqiú  ,(N)
需要,xūyào ,(N)
選,xuǎn ,(VA)
選舉,xuănjŭ ,(N)
選擇,xuǎnzé ,(N)
選擇,xuǎnzé ,(VA)
學會,xuéhuì ,(VA)
學問,xuéwèn ,(N)
尋找,xúnzhăo ,(VA)
訓練,xùnliàn ,(VA)
呀,yā ,(P)
鴨(子),yā(zi) ,(N)
押金,yājīn ,(N)
牙,yá ,(N)
牙齒,yáchǐ ,(N)
煙火,yānhuŏ ,(N)
研究,yánjiù ,(N)
研究,yánjiù ,(VA)
嚴重,yánzhòng ,(VS)
演,yăn ,(VA)
演出,yănchū ,(VA)
演講,yănjiăng ,(VA)
演員,yănyuán ,(N)
眼光,yănguāng ,(N)
眼淚,yănlèi ,(N)
陽光,yángguāng ,(N)
養,yăng ,(VA)
樣,yàng ,(M)
樣樣,yàngyàng ,(Det)
邀請,yāoqĭng ,(VA)
要求,yāoqiú ,(N)
要求,yāoqiú ,(VA)
咬,yăo ,(VA)
要,yào ,(Adv)
要不然,yàobùrán ,(Conj)
要不是,yàobúshì ,(Conj)
要緊,yàojǐn ,(VS)
野餐,yěcān ,(VA)
也好,yěhăo ,(P)
頁,yè ,(M)
夜裡/裏,yèlǐ/lǐ ,(N)
夜市,yèshì ,(N)
一下子/一下子兒,yīxiàzi/yīxiàzir,(N)
衣櫃,yīguì ,(N)
依靠,yīkào ,(VA)
一塊/一塊兒,yíkuài/yíkuàir,(Adv)
一切,yíqiè,(Det)
一向,yíxiàng ,(Adv)
一樣,yíyàng ,(N)
已,yĭ ,(Adv)
以,yĭ ,(Prep)
以後,yĭhòu,(N)
以來,yĭlái ,(N)
以免,yĭmiăn ,(Conj)
以內,yĭnèi ,(N)
以前,yĭqián,(N)
以上,yĭshàng ,(N)
以上,yĭshàng ,(N)
以外,yĭwài ,(N)
以為,yǐwéi ,(VA)
以下,yĭxià ,(N)
以下,yĭxià ,(N)
一般來說,yìbānláishuō ,(Conj)
一點/一點兒,yìdiǎn/yìdiǎnr,(Adv)
一方面,yìfāngmiàn ,(Conj)
一連,yìlián ,(Adv)
一生,yìshēng ,(N)
一時,yìshí ,(N)
一同,yìtóng ,(Adv)
意見,yìjiàn ,(N)
意外,yìwài ,(N)
意義,yìyì ,(N)
陰,yīn ,(VS)
因此,yīncǐ ,(Conj)
音響,yīnxiăng ,(N)
引起,yĭnqĭ,(VA)
應,yīng ,(Adv)
應該,yīnggāi ,(VS)
英俊,yīngjùn ,(VS)
營養,yíngyăng ,(N)
影片,yĭngpiàn ,(N)
擁有,yŏngyŏu ,(VS)
用,yòng,(Prep)
用法,yòngfă ,(N)
用功,yònggōng ,(VS)
用品,yòngpĭn ,(N)
優點,yōudiăn ,(N)
優秀,yōuxiù ,(VS)
幽默,yōumò ,(VS)
郵票,yóupiào,(N)
尤其,yóuqí ,(Adv)
遊客,yóukè ,(N)
游泳池,yóuyŏngchí,(N)
由於,yóuyú ,(Conj)
有(一)點/有(一)點兒,yǒu(yì)diăn/yǒu(yì)diănr,(Adv)
有的,yǒude ,(Det)
有名,yǒumíng ,(VS)
有錢,yǒuqián ,(VS)
有效,yŏuxiào ,(VS)
有意思,yǒuyìsi,(VS)
友誼,yŏuyí ,(N)
於是,yúshì ,(Conj)
與,yǔ ,(Conj)
與,yǔ ,(Prep)
玉,yù ,(N)
玉米,yùmǐ ,(N)
預備,yùbèi ,(VA)
預備,yùbèi ,(VA)
預習,yùxí ,(VA)
遇到,yùdào ,(VA)
圓,yuán ,(N)
員工,yuángōng ,(N)
原諒,yuánliàng ,(VS)
原因,yuányīn ,(N)
願望,yuànwàng ,(N)
院子,yuànzi,(N)
約,yuē ,(Adv)
約會,yuēhuì ,(N)
約會,yuēhuì ,(VA)
越,yuè ,(Adv)
月餅,yuèbĭng  ,(N)
閱讀,yuèdú ,(VA)
樂團,yuètuán ,(N)
運氣,yùnqì ,(N)
在,zài ,(VA)
在意,zàiyì ,(VS)
在於,zàiyú ,(VS)
早,zăo ,(Adv)
早日,zăorì ,(Adv)
早晚,zăowăn ,(N)
造成,zàochéng ,(VA)
噪音,zàoyīn ,(N)
責任,zérèn ,(N)
增加,zēngjiā ,(VS)
炸/炸,zhà/zhá ,(VA)
摘,zhāi ,(VA)
站,zhàn,(N)
暫時,zhànshí ,(Adv)
戰爭,zhànzhēng ,(N)
長,zhǎng,(VA)
長大,zhǎngdà ,(VS)
掌握,zhăngwò ,(VA)
障礙,zhàngài ,(N)
招待,zhāodài ,(VA)
招牌,zhāopái ,(N)
找錢,zhǎoqián ,(VA)
照,zhào ,(Prep)
照,zhào ,(VA)
哲學,zhéxué ,(N)
這裏,zhèlĭ,(N)
這下子,zhèxiàzi ,(N)
這樣,zhèyàng,(VS)
這樣子,zhèyàngzi ,(Adv)
這樣子,zhèyàngzi ,(VS)
真的,zhēnde ,(Adv)
真理,zhēnlĭ,(N)
真實,zhēnshí ,(VS)
真是,zhēnshì ,(Adv)
真心,zhēnxīn ,(VS)
真正,zhēnzhèng ,(Adv)
真正,zhēnzhèng ,(VS)
珍貴,zhēnguì ,(VS)
整,zhěng ,(Det)
整理,zhěnglĭ ,(VA)
整齊,zhěngqí ,(VS)
正,zhèng ,(Adv)
正常,zhèngcháng ,(VS)
正確,zhèngquè ,(VS)
正式,zhèngshì ,(VS)
證明,zhèngmíng ,(VA)
證書,zhèngshū ,(N)
支,zhī ,(M)
知,zhī ,(VS)
知識,zhīshì ,(N)
之後,zhīhòu ,(N)
之間,zhījiān ,(N)
之前,zhīqián,(N)
直,zhí ,(VS)
直到,zhídào ,(Prep)
值得,zhídé ,(VS)
殖民地,zhímíndì ,(N)
植物,zhíwù ,(N)
職員,zhíyuán ,(N)
指,zhǐ ,(VA)
只是,zhĭshì ,(Conj)
只要,zhǐyào ,(Conj)
只有,zhǐyǒu ,(Adv)
只有,zhĭyŏu ,(Conj)
制度,zhìdù ,(N)
智慧,zhìhuì ,(N)
至少,zhìshăo ,(Adv)
至於,zhìyú ,(Prep)
中,zhōng ,(N)
中部,zhōngbù ,(N)
中餐,zhōngcān ,(N)
終於,zhōngyú ,(Adv)
鐘,zhōng ,(N)
種,zhòng,(VA)
重點,zhòngdiăn ,(N)
重視,zhòngshì ,(VS)
周圍,zhōuwéi ,(N)
主動,zhŭdòng ,(VS)
主婦,zhŭfù ,(N)
主管,zhŭguăn ,(N)
主人,zhǔrén ,(N)
主任,zhǔrèn ,(N)
主題,zhŭtí ,(N)
主要,zhǔyào ,(VS)
主要,zhŭyào ,(Adv)
主意,zhǔyì ,(N)
祝,zhù,(VA)
祝福,zhùfú ,(N)
祝福,zhùfú ,(VA)
助,zhù ,(VA)
助理,zhùlĭ ,(N)
著名,zhùmíng ,(VS)
抓,zhuā ,(VA)
專心,zhuānxīn ,(VS)
專業,zhuānyè ,(VS)
狀態,zhuàngtài ,(N)
追求,zhuīqiú ,(VA)
準時,zhŭnshí ,(VS)
著,zhuó ,(VA)
資料,zīliào ,(N)
資源,zīyuán ,(N)
仔細,zĭxì ,(VS)
自從,zìcóng ,(Prep)
自動,zìdòng ,(VS)
自然,zìrán ,(VS)
自殺,zìshā ,(VA)
自信,zìxìn ,(VS)
自由,zìyóu ,(N)
自由,zìyóu ,(VS)
自在,zìzài ,(VS)
宗教,zōngjiào ,(N)
總而言之,zǒngéryánzhī ,(Conj)
總算,zǒngsuàn ,(Adv)
總統,zǒngtǒng ,(N)
總之,zǒngzhī ,(Conj)
走走,zǒuzǒu ,(VA)
組,zŭ ,(M)
祖父,zŭfù ,(N)
祖母,zŭmŭ ,(N)
祖先,zŭxiān ,(N)
嘴,zuǐ ,(N)
醉,zuì ,(VS)
最初,zuìchū ,(N)
最多,zuìduō ,(Adv)
最好,zuìhǎo ,(Adv)
最後,zuìhòu ,(N)
最佳,zuìjiā ,(VS)
最近,zuìjìn,(N)
尊敬,zūnjìng ,(VS)
作,zuò ,(VA)
作品,zuòpĭn ,(N)
作者,zuòzhě ,(N)
座,zuò ,(M)
做/作法,zuòfă ,(N)
做夢,zuòmèng ,(VA)
做人,zuòrén ,(VA)
做事,zuòshì ,(VA)